,Hate_IDs,Counter_IDs,hate_users,creation_date
0,866850289894248448,867126408048463872,-,-
1,866850289894248448,867135492038328320,-,-
2,866850289894248448,867402186740957184,-,-
3,930152017816965120,930229938950610944,@Nicolelynnnx,2017-11-13 19:14:57
4,473173776067477504,473174079575699456,@Donatovalentine,2014-06-01 18:46:34
5,534930558301007872,534931157759311872,@tomfeeback,2014-11-19 04:45:58
6,518392937517174784,518393593577603072,@Ch1buzo,2014-10-04 13:31:22
7,433616377350717440,457530991369007104,@LordOfDaWingz,2014-02-12 14:59:35
8,506645383934926848,506646377624240128,@Kiaralizgron,2014-09-02 03:30:47
9,471017086337044480,471020608361598976,@ShailenyWoodley,2014-05-26 19:56:39
10,463126553568608256,463127051973562368,@CPrice23_,2014-05-05 01:22:29
11,599625110165790720,599628890793979904,@IsibayaOverHoes,2015-05-16 17:19:01
12,466075447760285696,466076133960605696,@ughitsraul,2014-05-13 04:40:20
13,421645078243729408,421666766440644608,@brandleymatthew,2014-01-10 14:09:55
14,979017665925779456,979171308079599616,-,-
15,488607654760042496,488612548539740160,-,-
16,488607654760042496,488615204360425472,-,-
17,579093735478202368,580565782792429568,-,-
18,579093735478202368,580565417938259968,-,-
19,912288412870303744,912322332043108352,@kaream74,2017-09-25 12:11:21
20,581647701919571968,581665867336978432,-,-
21,866850289894248448,867092655150215168,-,-
22,581647701919571968,581648319719481344,-,-
23,581647701919571968,581648116648058880,-,-
24,379550956045606912,379551065328197632,-,-
25,409561907771629568,409562257236828160,-,-
26,355537360030674944,355546296385417216,@8bitpimp,2013-07-12 04:01:26
27,363994709577842688,364005682602721280,@widya_puspit,2013-08-04 12:07:56
28,372167237169192960,372223897933869056,-,-
29,874856854953893888,874857983313883136,-,-
30,321215751505719296,321219195796856832,@harryfoster3,2013-04-08 10:59:37
31,382982776448102400,385364364129091584,@RawryDinosaury,2013-09-25 21:39:44
32,298911726953451520,298912129837322240,@LauWill95,2013-02-05 21:51:23
33,355770637043773440,355771418052526080,@kingcolecain,2013-07-12 19:28:24
34,309883582313267200,313173955789873152,-,-
35,486700475367317504,487378681124241408,@Bren50711574,2014-07-09 02:36:50
36,355156674903941120,355160734537232384,@plasticdabieber,2013-07-11 02:48:44
37,796355391068246016,799039583010885632,@bpsrania,2016-11-09 14:14:55
38,355156674903941120,355205578521448448,@plasticdabieber,2013-07-11 02:48:44
39,355156674903941120,355375088419348480,@plasticdabieber,2013-07-11 02:48:44
40,546780952480190464,546792802676654080,@HugeConspiracy,2014-12-21 21:35:12
41,323938653560766464,323939224271327232,@selfpaidmade,2013-04-15 23:19:28
42,309883582313267200,313187131826782208,-,-
43,262010802582736896,262011774780465152,-,-
44,272860681441800192,272861924105003008,-,-
45,266474134438047744,266475792001794048,-,-
46,253591083131473920,253592645581033472,@mattyfistoreed,2012-10-03 20:23:20
47,247399993714044928,247400338238353408,@marcopoloboy_,2012-09-16 18:22:09
48,259238561952440320,261561011113439232,@ayam_god_,2012-10-19 10:24:24
49,222114736295256064,222114948766113792,@harrycooke,2012-07-08 23:47:34
50,259238561952440320,259513046563708928,@ayam_god_,2012-10-19 10:24:24
51,274186857980514304,274187239339204608,@munifahputri,2012-11-29 16:23:35
52,230443036482629632,230443860021620736,@King_Eke,2012-07-31 23:21:15
53,866850289894248448,867155681853538304,-,-
54,337316851791036416,337317298211790848,@Jack_Maude,2013-05-22 21:19:39
55,568146941139423232,568148926890704896,@cherrysluts,2015-02-18 20:36:01
56,337316851791036416,337319271518588928,@Jack_Maude,2013-05-22 21:19:39
57,819428592778178560,819698883479605248,-,-
58,318550277848449024,371734793060618240,@TeyonahTyger_,2013-04-01 02:27:59
59,475171984759083008,472871090055045120,@Juicycodeine,2014-06-07 07:06:44
60,507366967783989248,475172263864840192,@toniodhAbAddESt,2014-09-04 03:18:06
61,463520057172439040,464321191206195200,-,-
62,318550277848449024,371733890895208448,@TeyonahTyger_,2013-04-01 02:27:59
63,561680695446491136,318550607617196032,-,-
64,472866258531418112,420892709390262272,-,-
65,605652597563793408,605668309271379968,@_laxoch,2015-06-02 08:30:06
66,561680695446491136,318550403597873152,-,-
67,354848474916855808,354958344462671872,@plasticdabieber,2013-07-10 06:24:03
68,354323026059341824,354435639808245760,@plasticdabieber,2013-07-08 19:36:07
69,866850289894248448,867197463857307648,-,-
70,826859491148787712,826861180123807744,@hellodennisa_,2017-02-01 18:27:19
71,992396759782445056,992398237251203072,@SneakySn1per02,2018-05-04 13:33:20
72,561680695446491136,561685830062706688,-,-
73,561680695446491136,561686876248371200,-,-
74,825544165534683136,825554155821490176,-,-
75,354323026059341824,354436404920586240,@plasticdabieber,2013-07-08 19:36:07
76,993192249440681984,993504031879450624,-,-
77,811643670285971456,811672049609482240,@Atraxify,2016-12-21 18:45:05
78,554342575038279680,554345614725873664,@vitanation,2015-01-11 18:22:23
79,859116308562137088,859117487190929408,-,-
80,866850289894248448,867085902874587136,-,-
81,665322806092009472,665323514501558272,-,-
82,794674550160166912,794872208111861760,@Annaxsanmartin,2016-11-04 22:55:51
83,794674550160166912,794853700338647040,@Annaxsanmartin,2016-11-04 22:55:51
84,794674550160166912,794854511240167424,@Annaxsanmartin,2016-11-04 22:55:51
85,617900098375286784,617906199267287040,@RalphVanveen,2015-07-06 03:37:18
86,916057482065272832,916062403082588160,@N0R5K1,2017-10-05 21:48:17
87,759444938425765888,759445505432707072,@lusxt,2016-07-30 17:45:57
88,562249668944351232,562266108967665664,@Alan_Lehane,2015-02-02 14:02:21
89,693958207241359360,694657647983882240,-,-
90,562059998826872832,562061941628076032,@eucream,2015-02-02 01:28:40
91,866850289894248448,867289971589357568,-,-
92,230252856731660288,230359559913488384,-,-
93,230252856731660288,363427949061484544,-,-
94,230252856731660288,323522697311178752,-,-
95,230252856731660288,230633731411558400,-,-
96,230252856731660288,233902783277969408,-,-
97,230252856731660288,232528089089990656,-,-
98,230252856731660288,231966638365372416,-,-
99,230252856731660288,230366968199397376,-,-
100,230252856731660288,230359881872461824,-,-
101,230252856731660288,230358096554389504,-,-
102,866850289894248448,867418945636184064,-,-
103,230252856731660288,230296687468498944,-,-
104,230252856731660288,230290518498758656,-,-
105,230252856731660288,230290082979008512,-,-
106,230252856731660288,230270370450649088,-,-
107,230252856731660288,230259133809565696,-,-
108,230252856731660288,230253616320106496,-,-
109,230252856731660288,230253414527942656,-,-
110,230252856731660288,230253156150415360,-,-
111,562059998826872832,562062320008830976,@eucream,2015-02-02 01:28:40
112,866850289894248448,867312157146435584,-,-
113,276488874350493696,276722408403116032,@xaviebaby22,2012-12-06 00:50:59
114,282206134910210048,282228936732192768,@vickchhina,2012-12-21 19:29:20
115,282206134910210048,282228831664893952,@vickchhina,2012-12-21 19:29:20
116,856758078880010240,856800671579779072,@Piers_Murugan,2017-04-25 06:33:38
117,600775263325130752,600775546541318144,@_giantsbby,2015-05-19 21:29:19
118,866850289894248448,867210134816247808,-,-
119,840954079803240448,840955201729249280,@Justiic3,2017-03-12 15:54:11
120,866850289894248448,867127648056516608,-,-
121,819338539104108544,819348472650469376,-,-
122,902157533258948608,904473373522239488,@MikeMcLeen,2017-08-28 13:14:51
123,866850289894248448,867157782063190016,-,-
124,722428346752200704,722547289236090880,@cbennett4434,2016-04-19 14:15:14
125,814349698077179904,814350231932469248,-,-
126,819338539104108544,819592327584808960,-,-
127,819338539104108544,819348825152299008,-,-
128,819338539104108544,819338963827695616,-,-
129,819338539104108544,819338783422300160,-,-
130,819338539104108544,819338692238123008,-,-
131,463126553568608256,463127114271555584,@CPrice23_,2014-05-05 01:22:29
132,819338539104108544,819338678854176768,-,-
133,819338539104108544,819338610914820096,-,-
134,922989466263916544,922990706976788480,-,-
135,866850289894248448,867189872364326912,-,-
136,914028168406761472,914116761804509184,@chrishdz19,2017-09-30 07:24:31
137,489657532558761984,489658242826375168,-,-
138,472010334942035968,472011533606612992,@angeIdreams,2014-05-29 13:43:28
139,472010334942035968,472043613611102208,@angeIdreams,2014-05-29 13:43:28
140,472010334942035968,472011830400151552,@angeIdreams,2014-05-29 13:43:28
141,866850289894248448,867115171507978240,-,-
142,470787870631145472,470788626780262400,@AppleciderPapi,2014-05-26 04:45:49
143,473499004165451776,473499715762671616,@angeIdreams,2014-06-02 16:18:54
144,429091002809204736,429091162473787392,@trutherbottt,2014-01-31 03:17:21
145,621016472555515904,622277180236496896,-,-
146,621016472555515904,676945155149164544,-,-
147,428392014921478144,428398480793407488,@Daily_Beaner_,2014-01-29 04:59:50
148,506962170236510208,506975350669455360,@garshar42,2014-09-03 00:29:34
149,473499004165451776,473531072136118272,@angeIdreams,2014-06-02 16:18:54
150,418945335063744512,418945554702696448,@AnthonyBreneman,2014-01-03 03:22:06
151,473499004165451776,473499153700777984,@angeIdreams,2014-06-02 16:18:54
152,976274221818109952,978873424662712320,-,-
153,796170968058183680,796172938806460416,-,-
154,909129854666379264,909137322175844352,@xexogyun,2017-09-16 19:00:22
155,976274221818109952,978811147011969024,-,-
156,350508477514387456,350513466928414720,@Vimalexander,2013-06-28 06:58:27
157,976274221818109952,978842478492217344,-,-
158,799709401208733696,799709438726676480,-,-
159,305130376823709696,305130710631600128,@king_dmv,2013-02-23 01:42:05
160,305130376823709696,315797979879579648,@king_dmv,2013-02-23 01:42:05
161,365650053685182464,365680988417835008,@El_Autentico7,2013-08-09 01:45:40
162,866850289894248448,867220816848703488,-,-
163,305130376823709696,399672701008506880,@king_dmv,2013-02-23 01:42:05
164,305130376823709696,339486033831936000,@king_dmv,2013-02-23 01:42:05
165,305130376823709696,331823406360190976,@king_dmv,2013-02-23 01:42:05
166,305130376823709696,398613623532052480,@king_dmv,2013-02-23 01:42:05
167,305130376823709696,363523226833387520,@king_dmv,2013-02-23 01:42:05
168,305130376823709696,323471268697493504,@king_dmv,2013-02-23 01:42:05
169,305130376823709696,322194287926337536,@king_dmv,2013-02-23 01:42:05
170,369509434516455424,369510143504809984,@yasminfully,2013-08-19 17:21:29
171,367376567775023104,367387697348100096,-,-
172,339692614381096960,339720582373470208,@IAmIlluminati,2013-05-29 10:40:05
173,866850289894248448,867110359508766720,-,-
174,339692614381096960,339717259889086464,@IAmIlluminati,2013-05-29 10:40:05
175,305130376823709696,312918010748891136,@king_dmv,2013-02-23 01:42:05
176,330146559402602496,330148006047412224,@thatassholedray,2013-05-03 02:27:28
177,305130376823709696,309639848787058688,@king_dmv,2013-02-23 01:42:05
178,305130376823709696,347547528176218112,@king_dmv,2013-02-23 01:42:05
179,305130376823709696,345985412927483904,@king_dmv,2013-02-23 01:42:05
180,323505955889364992,323513060952244224,@I_Luve_1D,2013-04-14 18:40:04
181,305130376823709696,341626706672644096,@king_dmv,2013-02-23 01:42:05
182,350096728277532672,350104480118874112,-,-
183,866850289894248448,867364556020076544,-,-
184,387227142276542464,387235739932848128,@TheHaqMaster,2013-10-07 14:45:19
185,866850289894248448,867361533625458688,-,-
186,323938653560766464,323939592078237696,@selfpaidmade,2013-04-15 23:19:28
187,976274221818109952,978863470828572672,-,-
188,978024729855647744,978026576179802112,-,-
189,572593004046913536,572593128005230592,-,-
190,866850289894248448,867092131269279744,-,-
191,959685036311064576,965998919942594560,@gregorysaIcido,2018-02-03 07:08:37
192,959685036311064576,976558261498515456,@gregorysaIcido,2018-02-03 07:08:37
193,959685036311064576,976424935143882752,@gregorysaIcido,2018-02-03 07:08:37
194,833090023247409152,833092529495105536,-,-
195,959685036311064576,982999295875059712,@gregorysaIcido,2018-02-03 07:08:37
196,959685036311064576,977968657002369024,@gregorysaIcido,2018-02-03 07:08:37
197,866850289894248448,867364994949754880,-,-
198,356239081786703872,356240005846409216,-,-
199,356239081786703872,356239224674066432,-,-
200,959685036311064576,977521122613891072,@gregorysaIcido,2018-02-03 07:08:37
201,866850289894248448,867104745290293248,-,-
202,866850289894248448,867397489963479040,-,-
203,959685036311064576,976459668422787072,@gregorysaIcido,2018-02-03 07:08:37
204,959685036311064576,976445579629703168,@gregorysaIcido,2018-02-03 07:08:37
205,959685036311064576,976428250258960384,@gregorysaIcido,2018-02-03 07:08:37
206,959685036311064576,965415853767393280,@gregorysaIcido,2018-02-03 07:08:37
207,959685036311064576,964185440923217920,@gregorysaIcido,2018-02-03 07:08:37
208,959685036311064576,963821123262496768,@gregorysaIcido,2018-02-03 07:08:37
209,959685036311064576,963820949043781632,@gregorysaIcido,2018-02-03 07:08:37
210,959685036311064576,960667772542963712,@gregorysaIcido,2018-02-03 07:08:37
211,471119570217213952,471120319261196288,@GageCaulkins,2014-05-27 02:43:53
212,866850289894248448,867191036237549568,-,-
213,959685036311064576,976480312283734016,@gregorysaIcido,2018-02-03 07:08:37
214,959685036311064576,976887425627811840,@gregorysaIcido,2018-02-03 07:08:37
215,959685036311064576,976789089419759616,@gregorysaIcido,2018-02-03 07:08:37
216,714993110225395712,715011776816001024,@Okatsu_,2016-03-30 01:50:16
217,959685036311064576,976605899006636032,@gregorysaIcido,2018-02-03 07:08:37
218,959685036311064576,976468308814790656,@gregorysaIcido,2018-02-03 07:08:37
219,959685036311064576,976447035678261248,@gregorysaIcido,2018-02-03 07:08:37
220,959685036311064576,965896652455272448,@gregorysaIcido,2018-02-03 07:08:37
221,959685036311064576,963826474208890880,@gregorysaIcido,2018-02-03 07:08:37
222,866850289894248448,867328229320929280,-,-
223,638059240486076416,638059414277201920,@Tweettoes18,2015-08-30 18:42:32
224,632083978611257344,632112557717913600,@Mako__TG,2015-08-14 06:58:58
225,593439452267155456,593439732497051648,-,-
226,959685036311064576,960558854537916416,@gregorysaIcido,2018-02-03 07:08:37
227,959685036311064576,959978027122741248,@gregorysaIcido,2018-02-03 07:08:37
228,866850289894248448,867381795242856448,-,-
229,959685036311064576,962562541158260736,@gregorysaIcido,2018-02-03 07:08:37
230,976274221818109952,977614869938786304,-,-
231,866850289894248448,867487640425201664,-,-
232,618650703687389184,618651235143577600,-,-
233,618650703687389184,618675089031049216,-,-
234,732756557138661376,732759962053578752,@roobertdoobert,2016-05-18 02:15:51
235,732756557138661376,732768844763168768,@roobertdoobert,2016-05-18 02:15:51
236,732756557138661376,732762790893522944,@roobertdoobert,2016-05-18 02:15:51
237,259238561952440320,259848239333900288,@ayam_god_,2012-10-19 10:24:24
238,976274221818109952,977894676077404160,-,-
239,545916037053435904,545916321964515328,-,-
240,501167070487535616,501183659484151808,-,-
241,444227037935321088,444232575507120128,@DevTheMusicMan,2014-03-13 21:42:33
242,502685859767128064,502686011365670912,-,-
243,450907319929274368,450907396550828032,@BiggerDermm,2014-04-01 08:07:37
244,481208444075003904,481208530880323584,-,-
245,866850289894248448,867531111102111744,-,-
246,548556187533602816,548556932785917952,@Llan_Don,2014-12-26 19:09:21
247,525400661815742464,525457370475134976,@RyanMahaney3,2014-10-23 21:37:33
248,892957502802993152,892960288751923200,@killyourselfkay,2017-08-03 03:57:13
249,871739288630820864,871740861092028416,-,-
250,468508344240840704,468508587640504320,@DanPhillips69,2014-05-19 21:47:48
251,976274221818109952,976546985321947136,-,-
252,903758136359649280,903760875219292160,@RESlGN,2017-09-01 23:15:05
253,866850289894248448,867133510309601280,-,-
254,451995694971105280,451995833945165824,@cm5_28,2014-04-04 08:12:26
255,866850289894248448,867415542889664512,-,-
256,952259276357038080,952309262826528768,@FlashReport,2018-01-13 19:21:18
257,533015418274066432,533015807799078912,@jrharvey85,2014-11-13 21:55:53
258,745844178383405056,745844760854814720,@jake_gerrard,2016-06-23 05:01:23
259,903758136359649280,903760336708263936,@RESlGN,2017-09-01 23:15:05
260,663068844957790208,663075954768683008,-,-
261,866850289894248448,867134531526156288,-,-
262,402632272102182912,402632495167840256,-,-
263,552455158219943936,552455303485476864,@j_zimms,2015-01-06 13:22:28
264,995980431970455552,995992201657307136,@ihirarafique,2018-05-14 10:53:34
265,782803010649022464,782803189368229888,-,-
266,771149596903047168,771149628674826240,-,-
267,388688674822840320,388690143751966720,-,-
268,346009691798765568,346010162282254336,@JustJulie_G,2013-06-15 21:01:53
269,486704676297900032,486707033203154944,@DerekT75,2014-07-09 02:53:32
270,866850289894248448,867512759910400000,-,-
271,754457678466936832,754467870701150208,@leewelshman,2016-07-16 23:28:22
272,579798718171504640,579834386381590528,@Ga1anos,2015-03-23 00:16:01
273,656969702057594880,656972405693280256,@dominickcatoni,2015-10-21 23:05:57
274,613995619661795328,613995821848096768,-,-
275,569574482605707264,569575725730172928,-,-
276,615006242902278144,615006600508624896,@_zachdayton_,2015-06-28 03:58:09
277,628082625899397120,628083458208763904,-,-
278,628082625899397120,628083794990333952,-,-
279,670291038217641984,670291180320616448,-,-
280,627496072286502912,627496150975815680,@LoveeMySECRETS_,2015-08-01 15:08:16
281,866850289894248448,867151127728533504,-,-
282,571304662441308160,571305211563798528,@MoneyyKartel,2015-02-27 13:43:40
283,569574482605707264,569574574741950464,-,-
284,613995619661795328,613995701282848768,-,-
285,560478097334468608,560483349475520512,-,-
286,583086373135097856,583088301696921600,@_Keraa,2015-04-01 01:59:59
287,579798718171504640,579804149614653440,@Ga1anos,2015-03-23 00:16:01
288,578024930962509824,578025515644297216,-,-
289,615006242902278144,615008931564388352,@_zachdayton_,2015-06-28 03:58:09
290,866850289894248448,867148798627266560,-,-
291,866850289894248448,867202205706850304,-,-
292,643968006234746880,643973012992167936,@RazzJoey,2015-09-16 02:01:51
293,674261808761446400,674290368033120256,@Ayyye_Jazzy,2015-12-08 16:18:37
294,411218638344314880,411218841956794368,@_alyeezy,2013-12-12 19:38:58
295,342412102465646592,342412417973747712,-,-
296,316729760791277568,348277919690407936,-,-
297,316729760791277568,346173615147999232,-,-
298,316729760791277568,316995925455286272,-,-
299,316729760791277568,331965401892282368,-,-
300,866850289894248448,867085669902016512,-,-
301,316729760791277568,327607255421820928,-,-
302,316729760791277568,345541671703945216,-,-
303,343370254099042304,343370424584896512,@JordanALopez_,2013-06-08 14:13:42
304,340136927091105792,340137239138947072,@_maha48,2013-05-30 16:05:37
305,342889333142978560,343030711470669824,@TylerTurbyfill,2013-06-07 06:22:42
306,383375559285547008,383375670752976896,@_daivinci,2013-09-26 23:40:30
307,380885483175153664,381740290114977792,-,-
308,410460836558561280,410461018998190080,@ObeyJanellee_,2013-12-10 17:27:44
309,350284670186962944,350284983526621184,@SLIKKRIC,2013-06-27 16:09:08
310,555376725509804032,555382419348393984,@aleslut,2015-01-14 14:51:44
311,362586212411785216,362590090788208640,@magical_karin,2013-07-31 14:51:04
312,349778093088587776,349795197636448256,@IsmailShIbrahim,2013-06-26 06:36:10
313,398673063513817088,398676906217730048,@dunksquad23,2013-11-08 04:47:19
314,402158764272680960,402158878043160576,@_Troublee__,2013-11-17 19:38:15
315,395139768667099136,395146734240014336,@PIP_AntChelle,2013-10-29 10:47:16
316,356955215330672640,356959692909584384,@crasykayla,2013-07-16 01:55:29
317,387630436689514496,387630983996272640,-,-
318,399757654610173952,399758727458213888,@Kalique_340,2013-11-11 04:37:06
319,399757654610173952,399758427062140928,@Kalique_340,2013-11-11 04:37:06
320,354081627460218880,354081754086256640,-,-
321,356955215330672640,356958019805908992,@crasykayla,2013-07-16 01:55:29
322,316729760791277568,316733115089436672,-,-
323,316729760791277568,317358526869667840,-,-
324,325812307642945536,325812510072647680,@lovelala__,2013-04-21 03:24:42
325,398673063513817088,398673404292653056,@dunksquad23,2013-11-08 04:47:19
326,383333653918793728,383333923625127936,@vivrepourlamode,2013-09-26 20:53:59
327,316729760791277568,318119836611932160,-,-
328,381993214284427264,381993547278200832,@CarlaPreece00,2013-09-23 04:07:34
329,853946411330699264,853952476822851584,-,-
330,316729760791277568,318277408438497280,-,-
331,316729760791277568,318294444921200640,-,-
332,379651846836858880,379652128052375552,@Augie00,2013-09-16 17:03:48
333,407217020691030016,407217878417801216,@pxrfectbiebxr,2013-12-01 18:37:58
334,316729760791277568,321782185852039168,-,-
335,316729760791277568,321874957338558464,-,-
336,343586759562645504,343586867582758912,@marioservin10,2013-06-09 04:34:01
337,350798917107073024,350799458449104896,-,-
338,316729760791277568,322832476919701504,-,-
339,316729760791277568,329284238048366592,-,-
340,350798917107073024,350799080416481280,-,-
341,316729760791277568,330574652177010688,-,-
342,316729760791277568,335714146039496704,-,-
343,316729760791277568,336269614378008576,-,-
344,316729760791277568,342278897154535424,-,-
345,316281182830600192,316282169234444288,-,-
346,316729760791277568,350304173872525312,-,-
347,316729760791277568,352016923602587648,-,-
348,316729760791277568,355672741766107136,-,-
349,316729760791277568,356366797114576896,-,-
350,316729760791277568,400297328117960704,-,-
351,402226979895660544,402230025921241088,@Norm_146,2013-11-18 00:09:19
352,316729760791277568,316730689418563584,-,-
353,316729760791277568,317395078031241216,-,-
354,511333925051203584,511334651039076352,@ShaqBigga,2014-09-15 02:01:22
355,442054856225095680,442055541989572608,@NicoleDjahan,2014-03-07 21:51:05
356,442054856225095680,442054975947296768,@NicoleDjahan,2014-03-07 21:51:05
357,479870315539869696,479873111458729984,@SolomonEmbaye,2014-06-20 06:16:13
358,533832888689897472,533837998685974528,@Meishamontana,2014-11-16 04:04:13
359,501218876114599936,501218957609943040,@Jswords_,2014-08-18 04:07:46
360,510640084497203200,510653425198321664,@AsianMarc,2014-09-13 04:04:18
361,512749978154835968,512754595987062784,-,-
362,549959159492255744,546744225816391680,@_ccheyenne,2014-12-30 16:04:16
363,488033100455485440,488033426017370112,-,-
364,458709224067833856,458709502875795456,@cak198,2014-04-22 20:49:36
365,961009874577608704,961010152341164032,-,-
366,509425797153964032,509426003538903040,-,-
367,542718267119636480,542718733480116224,@breezybiber,2014-12-10 16:31:32
368,462723702166392832,462723777055715328,@sophietraynorxx,2014-05-03 22:41:42
369,529579523755360256,529583308468785152,-,-
370,443191134936776704,443191233822085120,-,-
371,487067600354959360,487111023779127296,-,-
372,458778794061742080,458778953294315520,@Ajsus1,2014-04-23 01:26:02
373,438924068386275328,438924555428823040,@BiGG_KunTry,2014-02-27 06:30:27
374,487067600354959360,487067753212157952,-,-
375,534163609459245056,534163871838527488,@safirestyles,2014-11-17 01:58:23
376,927398085013237760,927454090828877824,-,-
377,547691270785626112,547691435885989888,-,-
378,513918190515019776,513922168904638464,-,-
379,486617540744196096,486618290606080000,@HeOffset,2014-07-08 21:07:17
380,486617540744196096,486619218843279360,@HeOffset,2014-07-08 21:07:17
381,462423973259915264,462424180244619264,@black_taco_,2014-05-03 02:50:41
382,540695616360550400,540696098307047424,@_Klassy,2014-12-05 02:34:15
383,481886293757276160,481888551609835520,@_kingvonta,2014-06-25 19:47:00
384,549959159492255744,546742816735756288,@_ccheyenne,2014-12-30 16:04:16
385,431611572809895936,431611936288284672,@Daniel_Aldana1,2014-02-07 02:13:12
386,984434320596226048,984435807133011968,-,-
387,982748618649210880,983581302782865408,-,-
388,481886293757276160,481886376225275904,@_kingvonta,2014-06-25 19:47:00
389,499358184406917120,499362061420621824,@iinsydious,2014-08-13 00:54:03
390,539504234086268928,539504448054521856,-,-
391,443191134936776704,443191798622453760,-,-
392,500103118378778624,500104025329917952,-,-
393,501218876114599936,501225266455523328,@Jswords_,2014-08-18 04:07:46
394,441302814154051584,441303198482325504,@chocolateandie,2014-03-05 20:02:44
395,527309717220360192,527310913045807104,-,-
396,487258453782847488,487258808688070656,@maakiromero,2014-07-10 15:34:02
397,976274221818109952,979469185523871744,-,-
398,547691270785626112,547693181559508992,-,-
399,438487802271903744,438488364745240576,@marioxbot,2014-02-26 01:36:53
400,839125972834209792,839127216642469888,@TheHazelHayes,2017-03-07 14:49:56
401,839125972834209792,839160095867011072,@TheHazelHayes,2017-03-07 14:49:56
402,822088222004146176,822098747798724608,@huzaifarafiq,2017-01-19 14:28:00
403,950244222824837120,950297920598953984,-,-
404,950244222824837120,950247942652342272,-,-
405,950244222824837120,950284834500435968,-,-
406,950244222824837120,950289272069869568,-,-
407,950244222824837120,950275669463887872,-,-
408,950244222824837120,950301827601518592,-,-
409,950244222824837120,950249639969742848,-,-
410,950244222824837120,950594510706405376,-,-
411,929001654602600448,929041957833322496,-,-
412,929001654602600448,929124976287932416,-,-
413,826438355818778624,826445022551760896,@ideabeautyshop,2017-01-31 14:33:53
414,826438355818778624,827050226183712768,@ideabeautyshop,2017-01-31 14:33:53
415,826438355818778624,826829997805543424,@ideabeautyshop,2017-01-31 14:33:53
416,442338261206568960,442338535631486976,@marnie,2014-03-08 16:37:14
417,442338261206568960,442343819213033472,@marnie,2014-03-08 16:37:14
418,442338261206568960,442405571879505920,@marnie,2014-03-08 16:37:14
419,442338261206568960,442399538075414528,@marnie,2014-03-08 16:37:14
420,442338261206568960,442372462895169536,@marnie,2014-03-08 16:37:14
421,853946411330699264,853947063868022784,-,-
422,442338261206568960,442349855625998336,@marnie,2014-03-08 16:37:14
423,442338261206568960,442343671049244672,@marnie,2014-03-08 16:37:14
424,960318815069458432,960318999765463040,@danii,2018-02-05 01:07:02
425,960318815069458432,960324175566012416,@danii,2018-02-05 01:07:02
426,571384845642964992,571417559653752832,@righteousaxe,2015-02-27 19:02:17
427,960318815069458432,960389933985759232,@danii,2018-02-05 01:07:02
428,960318815069458432,960340400182460416,@danii,2018-02-05 01:07:02
429,960318815069458432,960338856301051904,@danii,2018-02-05 01:07:02
430,1020557628437655552,1020559079058493440,-,-
431,829387179550003200,829449264250056704,@asma_almane,2017-02-08 17:51:27
432,1020557628437655552,1020557989932163072,-,-
433,866850289894248448,867110548139323392,-,-
434,1015382335599104000,1015517817683300352,@ThabileMpe,2018-07-06 23:49:48
435,1015382335599104000,1015461033794854912,@ThabileMpe,2018-07-06 23:49:48
436,987169186798555136,987169829114302464,-,-
437,1015382335599104000,1015681815129018368,@ThabileMpe,2018-07-06 23:49:48
438,959399799723196416,959522949765111808,@HeartEyes4Brady,2018-02-02 12:15:11
439,959399799723196416,959400366260604928,@HeartEyes4Brady,2018-02-02 12:15:11
440,959399799723196416,959566011694448640,@HeartEyes4Brady,2018-02-02 12:15:11
441,388332711372271616,388333878311522304,@L1LDebbie,2013-10-10 15:58:27
442,388332711372271616,388332930893754368,@L1LDebbie,2013-10-10 15:58:27
443,388332711372271616,388332848093986816,@L1LDebbie,2013-10-10 15:58:27
444,795794039635378176,800406997569048576,@sabrinapls,2016-11-08 01:04:18
445,829387179550003200,829448995176984576,@asma_almane,2017-02-08 17:51:27
446,795794039635378176,796114295796994048,@sabrinapls,2016-11-08 01:04:18
447,795794039635378176,795952453975949312,@sabrinapls,2016-11-08 01:04:18
448,795794039635378176,816711554309693440,@sabrinapls,2016-11-08 01:04:18
449,795794039635378176,796043133142188032,@sabrinapls,2016-11-08 01:04:18
450,553773863608143872,553802388130500608,-,-
451,795794039635378176,795843231468507136,@sabrinapls,2016-11-08 01:04:18
452,795794039635378176,795838746407141376,@sabrinapls,2016-11-08 01:04:18
453,795794039635378176,795821697630896128,@sabrinapls,2016-11-08 01:04:18
454,531212909414596608,531347400695480320,@danadearmond,2014-11-08 22:33:21
455,829387179550003200,829448587029254144,@asma_almane,2017-02-08 17:51:27
456,531212909414596608,531213126444654592,@danadearmond,2014-11-08 22:33:21
457,363727933711859712,363728519236288512,@xsheehanx,2013-08-03 18:27:51
458,363727933711859712,363737586696601600,@xsheehanx,2013-08-03 18:27:51
459,363727933711859712,363732027394101248,@xsheehanx,2013-08-03 18:27:51
460,363727933711859712,363729784544575488,@xsheehanx,2013-08-03 18:27:51
461,553773863608143872,553786708270264320,-,-
462,990949003163525120,990982922369978368,-,-
463,990949003163525120,991117107894083584,-,-
464,990949003163525120,991606772602417152,-,-
465,990949003163525120,991383126487240704,-,-
466,932169560010113024,932172240568967168,@ginjapaige,2017-11-19 08:51:56
467,932169560010113024,932271925254082560,@ginjapaige,2017-11-19 08:51:56
468,393732922534268928,393733271881674752,@anyaigo,2013-10-25 13:36:58
469,932169560010113024,932259243247525888,@ginjapaige,2017-11-19 08:51:56
470,932169560010113024,932256927672922112,@ginjapaige,2017-11-19 08:51:56
471,925807490155077632,925824848013733888,-,-
472,925807490155077632,925820671602675712,-,-
473,925807490155077632,925807675379724288,-,-
474,866850289894248448,867111762721636352,-,-
475,1006326831031750656,1006452509035003904,-,-
476,1006326831031750656,1006329426718666752,-,-
477,1006326831031750656,1006336243658092544,-,-
478,1006326831031750656,1006335810185187328,-,-
479,553973412247240704,553976163714871296,-,-
480,1006326831031750656,1006329993910157312,-,-
481,930581680670347264,930582341185089536,-,-
482,930581680670347264,930609449793974272,-,-
483,930581680670347264,930583317602357248,-,-
484,930581680670347264,930712781787103232,-,-
485,930581680670347264,930689604595961856,-,-
486,985125013216022528,985296923094540288,@yusefrbx,2018-04-14 11:58:00
487,930581680670347264,930595938044751872,-,-
488,930581680670347264,930583677024768000,-,-
489,714297770262159360,714300822989840384,@tyleroakley,2016-03-28 03:47:14
490,714297770262159360,714316220611166208,@tyleroakley,2016-03-28 03:47:14
491,714297770262159360,714490890077601792,@tyleroakley,2016-03-28 03:47:14
492,714297770262159360,714441200875479040,@tyleroakley,2016-03-28 03:47:14
493,1012847509214031872,1012852792204103680,-,-
494,1012847509214031872,1013373042590912512,-,-
495,831682882158555136,831687669105168384,-,-
496,1012847509214031872,1013028128355115008,-,-
497,1012847509214031872,1012996355952926720,-,-
498,1012847509214031872,1012956151816781824,-,-
499,768930274214342656,768932522638082048,@JadeStamate,2016-08-25 21:57:18
500,985125013216022528,985243512651345920,@yusefrbx,2018-04-14 11:58:00
501,768930274214342656,769020352727019520,@JadeStamate,2016-08-25 21:57:18
502,768930274214342656,768952083919826944,@JadeStamate,2016-08-25 21:57:18
503,768930274214342656,768935847500607488,@JadeStamate,2016-08-25 21:57:18
504,768930274214342656,768932416060817408,@JadeStamate,2016-08-25 21:57:18
505,768930274214342656,768931992591368192,@JadeStamate,2016-08-25 21:57:18
506,768930274214342656,768930592549371904,@JadeStamate,2016-08-25 21:57:18
507,510965133007663104,510965446976098304,-,-
508,810725587476160512,810793220762439680,@Cynner___,2016-12-19 05:56:57
509,810725587476160512,811270646407852032,@Cynner___,2016-12-19 05:56:57
510,810725587476160512,810958566249074688,@Cynner___,2016-12-19 05:56:57
511,810725587476160512,810800059948421120,@Cynner___,2016-12-19 05:56:57
512,511678527163215872,512785586780790784,@shinji_1997,2014-09-16 00:50:42
513,810725587476160512,810751306390441984,@Cynner___,2016-12-19 05:56:57
514,769918341171515392,770019569733931008,@ImSoff_,2016-08-28 15:23:31
515,511678527163215872,511684617154617344,@shinji_1997,2014-09-16 00:50:42
516,937673136681693184,937875855715569664,-,-
517,937673136681693184,937688682408173568,-,-
518,866850289894248448,867169360506478592,-,-
519,795421341864181760,795823086117457920,@MaFeGleekTW,2016-11-07 00:23:20
520,1005168798457126912,1005341896460455936,-,-
521,854341986412879872,856000854851280896,-,-
522,854341986412879872,856534784721420288,-,-
523,854341986412879872,855050891828789248,-,-
524,956945798637477888,956989518632177664,@HamsterMckenzie,2018-01-26 17:43:52
525,939101644838580224,939239032701276160,@emi_da_viNci,2017-12-08 11:57:34
526,939101644838580224,939107091423420416,@emi_da_viNci,2017-12-08 11:57:34
527,939101644838580224,939426317937856512,@emi_da_viNci,2017-12-08 11:57:34
528,939101644838580224,939196303438962688,@emi_da_viNci,2017-12-08 11:57:34
529,939101644838580224,939102540158812160,@emi_da_viNci,2017-12-08 11:57:34
530,939101644838580224,939101847910010880,@emi_da_viNci,2017-12-08 11:57:34
531,1017068479441260544,1017069123614969856,@hollowandmpt,2018-07-11 15:29:56
532,866850289894248448,867198650107166720,-,-
533,1017068479441260544,1017094806223409152,@hollowandmpt,2018-07-11 15:29:56
534,1017068479441260544,1017094094395510784,@hollowandmpt,2018-07-11 15:29:56
535,1017068479441260544,1017069893915693056,@hollowandmpt,2018-07-11 15:29:56
536,1017068479441260544,1017069625639661568,@hollowandmpt,2018-07-11 15:29:56
537,409818652507000832,409820065970655232,-,-
538,409818652507000832,409826172382765056,-,-
539,409818652507000832,409819179449999360,-,-
540,495478026801397760,495482009742217216,@politiho_,2014-08-02 07:55:41
541,495478026801397760,495998810984689664,@politiho_,2014-08-02 07:55:41
542,495478026801397760,495937232977788928,@politiho_,2014-08-02 07:55:41
543,495478026801397760,496093084045041664,@politiho_,2014-08-02 07:55:41
544,495478026801397760,495972166660550656,@politiho_,2014-08-02 07:55:41
545,495478026801397760,495937792875429888,@politiho_,2014-08-02 07:55:41
546,908768368450265088,908769153619824640,@cherryxviii,2017-09-15 19:03:57
547,495478026801397760,495937705457750016,@politiho_,2014-08-02 07:55:41
548,495478026801397760,495937538444775424,@politiho_,2014-08-02 07:55:41
549,913243106287353856,913245382280433664,-,-
550,913243106287353856,913262815875620864,-,-
551,689041156253052928,689239385213128704,@Besso0_,2016-01-18 11:06:28
552,689041156253052928,689093705626685440,@Besso0_,2016-01-18 11:06:28
553,593451791355809792,593452130129686528,@ruffledviolets,2015-04-29 16:28:27
554,980581042162565120,980607164447371264,-,-
555,553973412247240704,554028316479324160,-,-
556,950325480238043136,950640596661821440,@Thuto__m,2018-01-08 11:17:05
557,950325480238043136,950358042918445056,@Thuto__m,2018-01-08 11:17:05
558,950325480238043136,950325929905213440,@Thuto__m,2018-01-08 11:17:05
559,1019413472059092992,1019440109198901248,@Nettifer17,2018-07-18 02:48:06
560,1019413472059092992,1019413661482250240,@Nettifer17,2018-07-18 02:48:06
561,866850289894248448,867196162562027520,-,-
562,762196969104211968,762204710346432512,-,-
563,937135986546434048,937148323231883264,@botwzelink,2017-12-03 01:46:44
564,937135986546434048,937337145169268736,@botwzelink,2017-12-03 01:46:44
565,937135986546434048,937248104717410304,@botwzelink,2017-12-03 01:46:44
566,287932981962764288,287946441098424320,@LaurenSocha,2013-01-06 14:45:47
567,566677934765645824,660670514390679552,@r9k_txt,2015-02-14 19:18:42
568,287932981962764288,287939598208864256,@LaurenSocha,2013-01-06 14:45:47
569,991534240998158336,991845761859047424,@notorioustapir,2018-05-02 04:25:59
570,991534240998158336,991623786003709952,@notorioustapir,2018-05-02 04:25:59
571,948508171886149632,948510642201419776,@ijahangirimam,2018-01-03 10:55:45
572,343329448512335872,343393083859283968,@PandaJism,2013-06-08 11:31:33
573,866850289894248448,867134816537522176,-,-
574,287628699724038144,287630939448819712,@vnllmds,2013-01-05 18:36:40
575,952680142345826304,952799779704029184,@HussnR,2018-01-14 23:13:40
576,952680142345826304,952802011547828224,@HussnR,2018-01-14 23:13:40
577,952680142345826304,952813888264810496,@HussnR,2018-01-14 23:13:40
578,843567559731560448,843581634423209984,-,-
579,952680142345826304,953285016699789312,@HussnR,2018-01-14 23:13:40
580,952680142345826304,952875526691069952,@HussnR,2018-01-14 23:13:40
581,866991153631121408,866995311452995584,-,-
582,952742123111149568,952799179302146048,-,-
583,952742123111149568,952797394780946432,-,-
584,952742123111149568,952757591125430272,-,-
585,952742123111149568,952743312133410816,-,-
586,963424252606152704,963465812605657088,-,-
587,963424252606152704,963771334399594496,-,-
588,963424252606152704,963449562030575616,-,-
589,820887208928215040,820898318351888384,@ChrisAlldredge,2017-01-16 06:55:36
590,866850289894248448,867156664016936960,-,-
591,603049245940187136,603053051893579776,-,-
592,603049245940187136,603059836901666816,-,-
593,603049245940187136,603049522743377920,-,-
594,866850289894248448,867182300114681856,-,-
595,603049245940187136,604877027758510080,-,-
596,929200249477967872,929201835231121408,-,-
597,929200249477967872,929216738008342528,-,-
598,929200249477967872,929208342584741888,-,-
599,929200249477967872,929230963078516736,-,-
600,929200249477967872,929212419762569216,-,-
601,412158442669760512,412159136990629888,@WorshipRene,2013-12-15 09:53:24
602,412158442669760512,412170169977274368,@WorshipRene,2013-12-15 09:53:24
603,412158442669760512,412605417165160448,@WorshipRene,2013-12-15 09:53:24
604,412158442669760512,412169857275150336,@WorshipRene,2013-12-15 09:53:24
605,327546920375570432,327557103319388160,@LElGHH,2013-04-25 22:17:26
606,327546920375570432,327556797059719168,@LElGHH,2013-04-25 22:17:26
607,896039759864365056,896040878174859264,@ModPma,2017-08-11 16:05:01
608,327546920375570432,327547592135307264,@LElGHH,2013-04-25 22:17:26
609,638420213348835328,638473370607165440,-,-
610,638420213348835328,638478047902105600,-,-
611,864206425559625728,864411708575666176,@Mtamerri,2017-05-15 19:50:42
612,980383409158713344,980390945811320832,@neo_sukude,2018-04-01 09:56:34
613,903758136359649280,903760569685200896,@RESlGN,2017-09-01 23:15:05
614,931153797484892160,931160617431523328,@yourmainwaifu1,2017-11-16 13:35:39
615,931153797484892160,931154094995238912,@yourmainwaifu1,2017-11-16 13:35:39
616,907327013677133824,907327776352608256,-,-
617,632496878513442816,632503720350220288,@ChantelSophiaxo,2015-08-15 10:19:41
618,632496878513442816,632506988803555328,@ChantelSophiaxo,2015-08-15 10:19:41
619,632496878513442816,632497799498698752,@ChantelSophiaxo,2015-08-15 10:19:41
620,632496878513442816,632497455897182208,@ChantelSophiaxo,2015-08-15 10:19:41
621,964045426235080704,964046019242598400,@hannasmailyy,2018-02-15 07:55:15
622,964045426235080704,964167680927219712,@hannasmailyy,2018-02-15 07:55:15
623,964045426235080704,964112377741393920,@hannasmailyy,2018-02-15 07:55:15
624,964045426235080704,964162152574537728,@hannasmailyy,2018-02-15 07:55:15
625,934418385659670528,934447674098683904,-,-
626,1018260375790407680,1018994564596682752,-,-
627,488607654760042496,488609510991224832,-,-
628,866918272385601536,866922773158875136,@jayyonce_xo,2017-05-23 07:26:37
629,866918272385601536,866923211807641600,@jayyonce_xo,2017-05-23 07:26:37
630,355044690699104256,355049161516793856,@chester_cheeto,2013-07-10 19:23:45
631,922436576709197824,922472176896184320,-,-
632,949304380775387136,949381793081413632,@_ohitsSarah,2018-01-05 15:39:36
633,866918272385601536,866942026075570176,@jayyonce_xo,2017-05-23 07:26:37
634,979595328453206016,979760972305924096,@churchillhoward,2018-03-30 05:45:00
635,866918272385601536,866957916959629312,@jayyonce_xo,2017-05-23 07:26:37
636,896039759864365056,896041043308752896,@ModPma,2017-08-11 16:05:01
637,857819712977121280,857829719697481728,@mtabel_1,2017-04-28 04:52:11
638,949304380775387136,949308509623083008,@_ohitsSarah,2018-01-05 15:39:36
639,866850289894248448,867453724045832192,-,-
640,866918272385601536,866960318940971008,@jayyonce_xo,2017-05-23 07:26:37
641,871739288630820864,871740830939308032,-,-
642,866918272385601536,866963630843203584,@jayyonce_xo,2017-05-23 07:26:37
643,866918272385601536,866965558100492288,@jayyonce_xo,2017-05-23 07:26:37
644,871739288630820864,871739982771347456,-,-
645,928593022987759616,928656755273461760,-,-
646,928593022987759616,928649158659133440,-,-
647,928593022987759616,928635027990237184,-,-
648,928593022987759616,928725572414574592,-,-
649,560791939889385472,560792296199688192,@SolonJustine,2015-01-29 13:29:52
650,866918272385601536,867161244083662848,@jayyonce_xo,2017-05-23 07:26:37
651,979872076071886848,980754917320216576,-,-
652,866850289894248448,867107938300829696,-,-
653,896039759864365056,896042665439105024,@ModPma,2017-08-11 16:05:01
654,547611768332091392,547710717844275200,@AbhiNationalist,2014-12-24 04:36:34
655,871739288630820864,871744806308921344,-,-
656,871200346382647296,871200986664185856,@springbok7,2017-06-04 03:02:03
657,866850289894248448,867105375648088064,-,-
658,832598766901399552,832600793207431168,-,-
659,866918272385601536,866919493548859392,@jayyonce_xo,2017-05-23 07:26:37
660,976274221818109952,977573867236544512,-,-
661,957141981439836160,957355216302637056,@ebiparham,2018-01-27 06:43:25
662,957141981439836160,957360838284857344,@ebiparham,2018-01-27 06:43:25
663,957141981439836160,957360446469820416,@ebiparham,2018-01-27 06:43:25
664,819428592778178560,819712827179073536,-,-
665,866850289894248448,867195777927565312,-,-
666,819428592778178560,819579707024961536,-,-
667,976274221818109952,977953485697306624,-,-
668,945251788126674944,945886362514927616,-,-
669,979903297346678784,979904102309142528,@PATAPATANSFW,2018-03-31 02:08:46
670,979903297346678784,979932011157774336,@PATAPATANSFW,2018-03-31 02:08:46
671,752407381859074048,752408115862081536,@griffint15,2016-07-11 07:41:13
672,752407381859074048,752408231037636608,@griffint15,2016-07-11 07:41:13
673,866850289894248448,867082211056549888,-,-
674,993192249440681984,993229359216517120,-,-
675,552552627419226112,556583665426509824,@5SOS_UPDATES_NL,2015-01-06 19:49:46
676,993192249440681984,993308633634091008,-,-
677,547611768332091392,547711284532477952,@AbhiNationalist,2014-12-24 04:36:34
678,547353037140791296,547359253137076224,@NoufyZadjalia,2014-12-23 11:28:28
679,547611768332091392,547710056914255872,@AbhiNationalist,2014-12-24 04:36:34
680,984434320596226048,984438837974917120,-,-
681,866991153631121408,866992290870550528,-,-
682,871159962105372672,871182761121509376,@DiagonalDoug,2017-06-04 00:21:34
683,978410096400121856,978719771016466432,@raccten,2018-03-26 23:15:19
684,552892650194759680,552934707047186432,@Zonnique,2015-01-07 18:20:54
685,547611768332091392,547710096562999296,@AbhiNationalist,2014-12-24 04:36:34
686,355537360030674944,355539848607711232,@8bitpimp,2013-07-12 04:01:26
687,309883582313267200,313183416986247168,-,-
688,412958378437382144,412973467764797440,@RazanWehbi,2013-12-17 14:52:04
689,309883582313267200,313182000460738560,-,-
690,306897029676797952,306900298121768960,-,-
691,866850289894248448,867129527536955392,-,-
692,365623302187790336,365625345321353216,@izhariezlamo,2013-08-08 23:59:22
693,398946968741085184,398947182164054016,@ryanbonnerr,2013-11-08 22:55:44
694,415345759895052288,415346189811200000,@Tadeh_e,2013-12-24 04:58:40
695,335249845889683456,335250202812354560,@taellae89,2013-05-17 04:26:06
696,309883582313267200,313181870143717376,-,-
697,866850289894248448,867146647524061184,-,-
698,272860681441800192,272861845860253696,-,-
699,470187639988289536,470189366263181312,@vintagejay__,2014-05-24 13:00:43
700,957274000446562304,957288971419099136,@birbsupremacist,2018-01-27 15:28:01
701,957274000446562304,957295397386571776,@birbsupremacist,2018-01-27 15:28:01
702,787375213281419264,787375443024281600,@nicocchin,2016-10-15 19:30:54
703,866991153631121408,866991584235094016,-,-
704,964082867226726400,964083307792056320,-,-
705,976274221818109952,977907171395432448,-,-
706,847152995079012352,847643500187275264,-,-
707,373810416205320192,373815796876599296,@graffiti124cp,2013-08-31 14:12:02
708,866850289894248448,867110717199179776,-,-
709,230252856731660288,230657636088020992,-,-
710,229955384297787392,230021551859302400,@kasyun,2012-07-30 15:03:30
711,976274221818109952,978996888581099520,-,-
712,565576941760446464,565577554934108160,-,-
713,356239081786703872,356239992613388288,-,-
714,813501297131450368,813501425770590208,-,-
715,866850289894248448,867203381311549440,-,-
716,866850289894248448,867161047089676288,-,-
717,866850289894248448,867146667111235584,-,-
718,934418385659670528,934432877932146688,-,-
719,866850289894248448,867331832211177472,-,-
720,555376725509804032,555392322306080768,@aleslut,2015-01-14 14:51:44
721,976274221818109952,978858612914257920,-,-
722,871816370949943296,871817774456295424,-,-
723,843360859640549376,843998709268594688,-,-
724,976274221818109952,978892054913839104,-,-
725,229961239583932416,229961755059699712,@fueledbywatson,2012-07-30 15:26:46
726,964082867226726400,964085273326997504,-,-
727,230252856731660288,324248045640380416,-,-
728,866850289894248448,867201781729607680,-,-
729,229955384297787392,229961954511425536,@kasyun,2012-07-30 15:03:30
730,866850289894248448,867080794644201472,-,-
731,843567559731560448,843581444756815872,-,-
732,957141981439836160,957618311847489536,@ebiparham,2018-01-27 06:43:25
733,976274221818109952,979139070180904960,-,-
734,976274221818109952,979007035735003136,-,-
735,866850289894248448,867171582359351296,-,-
736,866918272385601536,867279993780527104,@jayyonce_xo,2017-05-23 07:26:37
737,866850289894248448,867128663141040128,-,-
738,866850289894248448,867083054623346688,-,-
739,351086309378490368,351091316370849792,-,-
740,306897029676797952,306900511788003328,-,-
741,230252856731660288,230332442232385536,-,-
742,329069163555467264,329069723104968704,@Jhoop0154,2013-04-30 03:06:17
743,866850289894248448,867181931494072320,-,-
744,229955384297787392,230012123080708096,@kasyun,2012-07-30 15:03:30
745,866850289894248448,867187838445527040,-,-
746,659364770387206144,659365291357421568,@ahnaokarla,2015-10-28 13:43:06
747,866918272385601536,866920793585987584,@jayyonce_xo,2017-05-23 07:26:37
748,866918272385601536,866960204117803008,@jayyonce_xo,2017-05-23 07:26:37
749,945251788126674944,945257848124125184,-,-
750,998961296690368512,998997882245132288,-,-
751,945251788126674944,945629181039099904,-,-
752,601305290584133632,601360968736575488,-,-
753,866850289894248448,867186132219514880,-,-
754,711539576918163456,711540039629537280,@blackhual406,2016-03-20 13:07:09
755,711539576918163456,711539864064409600,@blackhual406,2016-03-20 13:07:09
756,945251788126674944,946995116530683904,-,-
757,433616377350717440,457531064677044224,@LordOfDaWingz,2014-02-12 14:59:35
758,866850289894248448,867461048407924736,-,-
759,230252856731660288,230254134916431872,-,-
760,979017665925779456,979059765182648320,-,-
761,951724230659526656,951928082075660288,-,-
762,428917175781310464,429002703021551616,-,-
763,446022626725888000,446023345490771968,-,-
764,446022626725888000,446023170345009152,-,-
765,979872076071886848,980320284430520320,-,-
766,777034825324716032,777648507524157440,@NaziNazikkk,2016-09-17 06:41:53
767,401082525952770048,401082636489482240,@chiefcaden,2013-11-14 20:21:40
768,337244453284745216,337248228447748096,@georgehorsley,2013-05-22 16:31:58
769,357873104556523520,357873487613927424,@mike__jk,2013-07-18 14:42:51
770,976274221818109952,976691542441234432,-,-
771,954856836406173696,954858644797054976,-,-
772,866850289894248448,867083847762153472,-,-
773,866850289894248448,867241545497542656,-,-
774,705680700519763968,705680825342234624,@jessfk,2016-03-04 09:06:04
775,945251788126674944,945420531087691776,-,-
776,954856836406173696,954928477001560064,-,-
777,945251788126674944,945418196235976704,-,-
778,765377573379461120,765399180508397568,-,-
779,756888995733377024,756904262349783040,-,-
780,932687879502991360,932697261225791488,@melaninboi,2017-11-20 19:11:33
781,976274221818109952,977966759885115392,-,-
782,866850289894248448,867078555263434752,-,-
783,959685036311064576,960335012603232256,@gregorysaIcido,2018-02-03 07:08:37
784,945251788126674944,960193242452017152,-,-
785,487249478832103424,488298541295878144,@bigdorts,2014-07-10 14:58:23
786,922500266087403520,922500371007852544,-,-
787,873915855352078336,943690281110724608,@elveeeyeeye,2017-06-11 14:52:31
788,866850289894248448,867425118296961024,-,-
789,799859759570485248,799859835541913600,@TransToester,2016-11-19 06:20:02
790,976274221818109952,978967380649967616,-,-
791,976274221818109952,978856689930833920,-,-
792,487249478832103424,488298361314111488,@bigdorts,2014-07-10 14:58:23
793,354323026059341824,354368149010923520,@plasticdabieber,2013-07-08 19:36:07
794,959685036311064576,963869911473885184,@gregorysaIcido,2018-02-03 07:08:37
795,874856854953893888,874858254404378624,-,-
796,866850289894248448,867100364092436480,-,-
797,959685036311064576,964330149125738496,@gregorysaIcido,2018-02-03 07:08:37
798,356295394663219200,356296025130024960,-,-
799,519243843980763136,519257883603914752,-,-
800,777034825324716032,777203073500319744,@NaziNazikkk,2016-09-17 06:41:53
801,874856854953893888,874857295326441472,-,-
802,819338539104108544,819338689813876736,-,-
803,822088222004146176,833286904430882816,@huzaifarafiq,2017-01-19 14:28:00
804,799920614895185920,799922689938853888,-,-
805,819338539104108544,819344877926260736,-,-
806,323905284181463040,323905957639909376,@TomGrodz,2013-04-15 21:06:52
807,726032475672080384,726032786973294592,@AzzyChill,2016-04-29 12:56:45
808,976274221818109952,978867438891798528,-,-
809,806653206273163264,806702443610271744,-,-
810,819338539104108544,819339181692481536,-,-
811,866850289894248448,867320623034507264,-,-
812,819338539104108544,819338725859672064,-,-
813,930152017816965120,930221488241823744,@Nicolelynnnx,2017-11-13 19:14:57
814,355156674903941120,355157340011499520,@plasticdabieber,2013-07-11 02:48:44
815,976274221818109952,978709357725667328,-,-
816,819338539104108544,819338684654682112,-,-
817,976274221818109952,985097529158090752,-,-
818,819338539104108544,819338579113635840,-,-
819,866850289894248448,867089387871494144,-,-
820,847492539389104128,847565938144817152,@Johndubeau1,2017-03-30 16:55:41
821,819338539104108544,819338725276745728,-,-
822,819338539104108544,819338612835749888,-,-
823,522426597828493312,522431907792183296,-,-
824,866991153631121408,866993058985988096,-,-
825,587132591066710016,587132854137528320,-,-
826,819338539104108544,819338704015781888,-,-
827,976274221818109952,977961398327128064,-,-
828,976274221818109952,978925920646868992,-,-
829,866850289894248448,867118406993985536,-,-
830,976274221818109952,977965413454811136,-,-
831,976274221818109952,978812066688651264,-,-
832,976274221818109952,982028249504022528,-,-
833,976274221818109952,978866102733365248,-,-
834,976274221818109952,978975200996941824,-,-
835,874856854953893888,874857478718148608,-,-
836,230252856731660288,230947464272826368,-,-
837,976274221818109952,978919696417394688,-,-
838,976274221818109952,978855634828488704,-,-
839,866850289894248448,867191211710267392,-,-
840,281764400682135552,281764697324261376,@Valentinancy,2012-12-20 14:14:02
841,396441698424745984,396452528239697920,-,-
842,834331246159331328,844692988789952512,@JerryDavidAdki1,2017-02-22 09:17:24
843,379550956045606912,379551051159859200,-,-
844,346839353047281664,349056989961273344,@Jermeeks777,2013-06-18 03:58:40
845,321059926602559488,321060358905290752,@thefutureis_odd,2013-04-08 00:40:26
846,389236722628055040,389237208341028864,@_carlyfuller,2013-10-13 03:50:41
847,819338539104108544,819339021914689536,-,-
848,866850289894248448,867447586243870720,-,-
849,979017665925779456,979228350760669184,-,-
850,945251788126674944,945573397358137344,-,-
851,976274221818109952,978818208626040832,-,-
852,979017665925779456,979047883315073024,-,-
853,463298429813538816,463307192956096512,@YesYoureRacist,2014-05-05 12:45:27
854,944885828756606976,944908200624705536,-,-
855,819338539104108544,819349315571355648,-,-
856,866850289894248448,869019729796661248,-,-
857,866850289894248448,867145888577310720,-,-
858,989693251496984576,989953814684893184,-,-
859,296548592045412352,296549365181456384,@KaroloPeroni,2013-01-30 09:21:08
860,294726767623671808,294731311422267392,-,-
861,591383448117452800,591390823192911872,-,-
862,294726767623671808,294727135002783744,-,-
863,294726767623671808,294729364900290560,-,-
864,406542149388627968,406543081123901440,@KieraanRae,2013-11-29 21:56:16
865,997256619925753856,997256870594150400,@danirojas1707_2,2018-05-17 23:24:40
866,826440167909109760,826450692827148288,-,-
867,866850289894248448,867083534581846016,-,-
868,976274221818109952,978821363367477248,-,-
869,487249478832103424,487375231032782848,@bigdorts,2014-07-10 14:58:23
870,339849933773484032,339852138266103808,@09robinsonc,2013-05-29 21:05:12
871,874856854953893888,875128015109455872,-,-
872,945251788126674944,946079605479403520,-,-
873,796355391068246016,798175044128149504,@bpsrania,2016-11-09 14:14:55
874,762467805564243968,762472639407370240,-,-
875,912288412870303744,912296188673540096,@kaream74,2017-09-25 12:11:21
876,949304380775387136,949569474163888128,@_ohitsSarah,2018-01-05 15:39:36
877,866850289894248448,867094184125243392,-,-
878,892957502802993152,892957750245851136,@killyourselfkay,2017-08-03 03:57:13
879,797099774856089600,797113892807778304,@instagrommm,2016-11-11 15:32:50
880,945251788126674944,945671485817016320,-,-
881,855501328927346688,855580060593651712,@dxsviado,2017-04-21 19:19:45
882,866850289894248448,867137145831538688,-,-
883,491443291607801856,491443579009511424,-,-
884,442315271983083520,442315338236329984,@HeyImDestinyy_,2014-03-08 15:05:53
885,455761826723409920,455819107645263872,-,-
886,866850289894248448,867153877514244096,-,-
887,460274318283264000,460421071767080960,-,-
888,866850289894248448,867142859987632128,-,-
889,949304380775387136,949345566290599936,@_ohitsSarah,2018-01-05 15:39:36
890,825526210922942464,825579682859012096,-,-
891,964697821734735872,965423381129650176,@Airwolf4Life,2018-02-17 03:07:38
892,928593022987759616,928703633155346432,-,-
893,614540329165955072,616427197985898496,@DougyCline,2015-06-26 21:06:46
894,866850289894248448,867086206793912320,-,-
895,581210966576234496,581211098185121792,@BREVlTY_,2015-03-26 21:47:47
896,819338539104108544,819655462916329472,-,-
897,553773863608143872,553783984413749248,-,-
898,488607654760042496,488669769311080448,-,-
899,559992605602512896,559992818991501312,@bee_bri_briana,2015-01-27 08:33:35
900,510965133007663104,510965523400896512,-,-
901,587132591066710016,587133046874361856,-,-
902,951724230659526656,951777413897379840,-,-
903,866850289894248448,867202644812718080,-,-
904,928593022987759616,928612606386102272,-,-
905,976274221818109952,979152043423215616,-,-
906,976274221818109952,979055787002810368,-,-
907,324622916870348800,324623305246113792,@MooneyStephen,2013-04-17 20:38:29
908,396441698424745984,396450749821247488,-,-
909,976274221818109952,979030962024665088,-,-
910,908768368450265088,908777658904965120,@cherryxviii,2017-09-15 19:03:57
911,825240741173719040,825243016780664832,-,-
912,976274221818109952,979009258397339648,-,-
913,976274221818109952,979055610812649472,-,-
914,262010802582736896,262013080324698112,-,-
915,866850289894248448,867132815414001664,-,-
916,319207184191864832,319209449095053312,-,-
917,363994709577842688,364011300063834112,@widya_puspit,2013-08-04 12:07:56
918,976274221818109952,979178361141583872,-,-
919,866850289894248448,867192296005017600,-,-
920,959685036311064576,963801578468556800,@gregorysaIcido,2018-02-03 07:08:37
921,953197436729671680,961759656833150976,-,-
922,866850289894248448,867181801978175488,-,-
923,777034825324716032,779781084502425600,@NaziNazikkk,2016-09-17 06:41:53
924,614540329165955072,614573586364387328,@DougyCline,2015-06-26 21:06:46
925,976274221818109952,978326580698152960,-,-
926,866850289894248448,867181604296429568,-,-
927,866850289894248448,867186503759384576,-,-
928,959685036311064576,964001366430625792,@gregorysaIcido,2018-02-03 07:08:37
929,961538717910478848,961759441472380928,-,-
930,421645078243729408,421653742774419456,@brandleymatthew,2014-01-10 14:09:55
931,976274221818109952,977926313859149824,-,-
932,976274221818109952,978888467324325888,-,-
933,959685036311064576,963784942135070720,@gregorysaIcido,2018-02-03 07:08:37
934,888517925052841984,888518535391174656,-,-
935,230252856731660288,230289411286384640,-,-
936,866850289894248448,867144166966403072,-,-
937,489657532558761984,489657790168723456,-,-
938,470787870631145472,470788109114699776,@AppleciderPapi,2014-05-26 04:45:49
939,866850289894248448,867536072632401920,-,-
940,659165984574451712,659167279138013184,@spxncxrx,2015-10-28 00:33:12
941,976274221818109952,979031556009345024,-,-
942,976274221818109952,979094734806355968,-,-
943,976274221818109952,979128213896138752,-,-
944,976274221818109952,979151274787487744,-,-
945,976274221818109952,979175076301099008,-,-
946,866850289894248448,867129234229125120,-,-
947,587132591066710016,587132943304237056,-,-
948,549431670232080384,549432436535615488,-,-
949,976274221818109952,979082827085041664,-,-
950,976274221818109952,977544304154603520,-,-
951,914227082091225088,914275185930280960,@KromBear,2017-09-30 20:34:56
952,976274221818109952,977596810360426496,-,-
953,976274221818109952,978822112403181568,-,-
954,976274221818109952,978836873056608256,-,-
955,959685036311064576,976765624436297728,@gregorysaIcido,2018-02-03 07:08:37
956,866850289894248448,867124796919775232,-,-
957,976274221818109952,978844829584109568,-,-
958,976274221818109952,978992122643628032,-,-
959,976274221818109952,979057044912254976,-,-
960,976274221818109952,979080788363931648,-,-
961,976274221818109952,979100544546590720,-,-
962,976274221818109952,979125083758321664,-,-
963,976274221818109952,979222904654254080,-,-
964,615542402145755136,615542505560387584,-,-
965,976274221818109952,979255901143031808,-,-
966,866850289894248448,867080696166309888,-,-
967,976274221818109952,981376638263930880,-,-
968,976274221818109952,979065226568978432,-,-
969,976274221818109952,978284718264410112,-,-
970,976274221818109952,978353987253620736,-,-
971,976274221818109952,978914833390125056,-,-
972,914227082091225088,914467431132876800,@KromBear,2017-09-30 20:34:56
973,976274221818109952,979026911316750336,-,-
974,976274221818109952,978838854282235904,-,-
975,976274221818109952,978045841385508864,-,-
976,976274221818109952,978125301325611008,-,-
977,866850289894248448,867345336389554176,-,-
978,976274221818109952,978937649086971904,-,-
979,976274221818109952,979240775421542400,-,-
980,976274221818109952,979024729557422080,-,-
981,976274221818109952,978284741379149824,-,-
982,976274221818109952,977891451744018432,-,-
983,976274221818109952,979000901435297792,-,-
984,976274221818109952,978994906365652992,-,-
985,976274221818109952,979035767640133632,-,-
986,866850289894248448,867178588151451648,-,-
987,976274221818109952,978975343855001600,-,-
988,976274221818109952,978963074928570368,-,-
989,976274221818109952,977716119548162048,-,-
990,976274221818109952,977996529041485824,-,-
991,959685036311064576,976644400632614912,@gregorysaIcido,2018-02-03 07:08:37
992,976274221818109952,978959079023501312,-,-
993,922500266087403520,922571548023603200,-,-
994,866850289894248448,867152312606892032,-,-
995,976274221818109952,979017577237229568,-,-
996,976274221818109952,978977865462091776,-,-
997,976274221818109952,979121265691815936,-,-
998,976274221818109952,978838872913309696,-,-
999,866850289894248448,867123139993509888,-,-
1000,976274221818109952,978834832414388224,-,-
1001,976274221818109952,978851526616797184,-,-
1002,866850289894248448,867444257631633408,-,-
1003,976274221818109952,978852443533594624,-,-
1004,976274221818109952,978204646476013568,-,-
1005,976274221818109952,979079287209947136,-,-
1006,976274221818109952,977732745496551424,-,-
1007,976274221818109952,978332272221933568,-,-
1008,956279469362307072,956279942488182784,@sylvie_benard,2018-01-24 21:36:06
1009,866850289894248448,867133430001172480,-,-
1010,491443291607801856,491444055394377728,-,-
1011,796212552350961664,796213550494707712,-,-
1012,976274221818109952,978762743892332544,-,-
1013,976274221818109952,978869357626429440,-,-
1014,976274221818109952,977869488317087744,-,-
1015,976274221818109952,978861645232529408,-,-
1016,979017665925779456,979018313589080064,-,-
1017,866850289894248448,867180721491898368,-,-
1018,979017665925779456,979018444073975808,-,-
1019,976274221818109952,977560780769030144,-,-
1020,959685036311064576,978971881490472960,@gregorysaIcido,2018-02-03 07:08:37
1021,979017665925779456,979018527469268992,-,-
1022,976274221818109952,978787721186545664,-,-
1023,992396759782445056,992398528704991232,@SneakySn1per02,2018-05-04 13:33:20
1024,979017665925779456,979018636458250240,-,-
1025,979017665925779456,979018928990105600,-,-
1026,866850289894248448,867212944089722880,-,-
1027,866850289894248448,867325595717439488,-,-
1028,924519698716348416,924541452247617536,-,-
1029,976274221818109952,978918410141790208,-,-
1030,866850289894248448,867133219879219200,-,-
1031,355044690699104256,355284123268546560,@chester_cheeto,2013-07-10 19:23:45
1032,945251788126674944,947632232398753792,-,-
1033,912288412870303744,912588974006210560,@kaream74,2017-09-25 12:11:21
1034,979017665925779456,979029157727408128,-,-
1035,976274221818109952,979293694627999744,-,-
1036,599625110165790720,603970278729846784,@IsibayaOverHoes,2015-05-16 17:19:01
1037,979017665925779456,979032518388256768,-,-
1038,866850289894248448,867093773653880832,-,-
1039,979017665925779456,979032610109317120,-,-
1040,815522964867141632,815524712486838272,-,-
1041,705323597221466112,705347565970190336,@munayev,2016-03-03 09:27:04
1042,915724481838161920,915724675031851008,-,-
1043,930596228307578880,930610064259473408,-,-
1044,866850289894248448,867098455268884480,-,-
1045,979017665925779456,979112152718962688,-,-
1046,702859165232926720,702861770885623808,@dtaylor5633,2016-02-25 14:14:18
1047,863088864017006592,863131945529622528,-,-
1048,976274221818109952,979190018911756288,-,-
1049,969472883809546240,969473148201684992,-,-
1050,969472883809546240,969753931902365696,-,-
1051,768383367456890880,768391640205582336,-,-
1052,866850289894248448,867252760013615104,-,-
1053,979017665925779456,979116110451740672,-,-
1054,763895758483394560,763896631620046848,-,-
1055,945251788126674944,945471690930315264,-,-
1056,866850289894248448,867133026509238272,-,-
1057,536208083182432256,536209597661708288,-,-
1058,976274221818109952,978983351200763904,-,-
1059,866850289894248448,867127593664995328,-,-
1060,866850289894248448,867144578222235648,-,-
1061,976274221818109952,978994560390107136,-,-
1062,976274221818109952,979071463268511744,-,-
1063,976274221818109952,979096510452428800,-,-
1064,866850289894248448,867099007709052928,-,-
1065,903758136359649280,903766632123834368,@RESlGN,2017-09-01 23:15:05
1066,976274221818109952,978927982164283392,-,-
1067,826859491148787712,826869446019055616,@hellodennisa_,2017-02-01 18:27:19
1068,778439101724758016,778443444083568640,-,-
1069,747943410242306048,747957664613793792,-,-
1070,843567559731560448,843569069836161024,-,-
1071,287628699724038144,287634082081427456,@vnllmds,2013-01-05 18:36:40
1072,970308877739700224,971143450811944960,-,-
1073,599625110165790720,603970318865137664,@IsibayaOverHoes,2015-05-16 17:19:01
1074,866850289894248448,867168143164231680,-,-
1075,896039759864365056,896041145381376000,@ModPma,2017-08-11 16:05:01
1076,866918272385601536,867056804869623808,@jayyonce_xo,2017-05-23 07:26:37
1077,439501403850289152,439502431819665408,-,-
1078,871159962105372672,871375536861458432,@DiagonalDoug,2017-06-04 00:21:34
1079,866918272385601536,866933786767794176,@jayyonce_xo,2017-05-23 07:26:37
1080,945251788126674944,945413460720005120,-,-
1081,850158567000862720,850158864058023936,-,-
1082,676525783138050048,676525985559240704,@sblock_hitta,2015-12-14 22:14:50
1083,866918272385601536,867026955966787584,@jayyonce_xo,2017-05-23 07:26:37
1084,976274221818109952,979011594108547072,-,-
1085,424950449452511232,425009215376478208,-,-
1086,825240741173719040,825243253444268032,-,-
1087,945251788126674944,945328234463449088,-,-
1088,865687131141718016,865881536289230848,-,-
1089,914227082091225088,914228047531925504,@KromBear,2017-09-30 20:34:56
1090,398387729807212544,398447913749467136,@StiloTheTariana,2013-11-07 09:53:31
1091,985125013216022528,985133734570659840,@yusefrbx,2018-04-14 11:58:00
1092,912288412870303744,912351153991667712,@kaream74,2017-09-25 12:11:21
1093,871739288630820864,871829482398724096,-,-
1094,979017665925779456,979019874008694784,-,-
1095,866918272385601536,866945483784282112,@jayyonce_xo,2017-05-23 07:26:37
1096,321005650358456320,321018760825806848,@__wsl,2013-04-07 21:04:45
1097,866850289894248448,867468179643215872,-,-
1098,842248306382237696,842249477507313664,-,-
1099,865687131141718016,865988470912671744,-,-
1100,918263891838357504,918395761150214144,-,-
1101,902157533258948608,904372699962761216,@MikeMcLeen,2017-08-28 13:14:51
1102,748263633088458752,748264089063874560,-,-
1103,826859491148787712,826984396003565568,@hellodennisa_,2017-02-01 18:27:19
1104,825544165534683136,825859294448848896,-,-
1105,421645078243729408,421653192930099200,@brandleymatthew,2014-01-10 14:09:55
1106,336091339815010304,336094527368605696,@Ryan_Greenslade,2013-05-19 12:09:54
1107,976274221818109952,979271620287254528,-,-
1108,557611953603227648,557615598298214400,-,-
1109,857728348767883264,857734574683508736,@JackRabbitSlm,2017-04-27 22:49:08
1110,553773863608143872,553778239915958272,-,-
1111,945251788126674944,945751613943287808,-,-
1112,911114974210269184,911163829706358784,@SoFuckingKewl,2017-09-22 06:28:32
1113,976274221818109952,980215704002719744,-,-
1114,396441698424745984,396449471930056704,-,-
1115,866850289894248448,867087425729908736,-,-
1116,421645078243729408,421700993353408512,@brandleymatthew,2014-01-10 14:09:55
1117,866850289894248448,867179466312822784,-,-
1118,825526210922942464,825535102289539072,-,-
1119,230252856731660288,232874761930293248,-,-
1120,614704531088216064,614740215001935872,@RecklessCS,2015-06-27 07:59:15
1121,230252856731660288,322971881768636416,-,-
1122,979017665925779456,979020051855630336,-,-
1123,871739288630820864,871742067663417344,-,-
1124,826440167909109760,826444614198505472,-,-
1125,553973412247240704,553982790858182656,-,-
1126,976274221818109952,977620613622894592,-,-
1127,976274221818109952,978828013600112640,-,-
1128,976274221818109952,978989358228193280,-,-
1129,976274221818109952,979227721371860992,-,-
1130,866850289894248448,867381358829678592,-,-
1131,976274221818109952,978820122537230336,-,-
1132,976274221818109952,979069153423147008,-,-
1133,984431141418684416,984649108437848064,-,-
1134,976274221818109952,977974704320466944,-,-
1135,621016472555515904,621330882083864576,-,-
1136,976274221818109952,978976054017654784,-,-
1137,393732922534268928,393734340741316608,@anyaigo,2013-10-25 13:36:58
1138,393732922534268928,393733825563344896,@anyaigo,2013-10-25 13:36:58
1139,553773863608143872,553784524975640576,-,-
1140,866850289894248448,867180417434222592,-,-
1141,866918272385601536,867018786104369152,@jayyonce_xo,2017-05-23 07:26:37
1142,812156912015986688,812160373650554880,-,-
1143,493285171899027456,493289766381551616,-,-
1144,874856854953893888,874858173764653056,-,-
1145,865687131141718016,865885274332639232,-,-
1146,350106074721959936,350106288979574784,@AyuTantia,2013-06-27 04:19:27
1147,488607654760042496,488675421383168000,-,-
1148,421645078243729408,421661745560977408,@brandleymatthew,2014-01-10 14:09:55
1149,922436576709197824,922478673919344640,-,-
1150,912288412870303744,912447259513679872,@kaream74,2017-09-25 12:11:21
1151,866850289894248448,867352647669624832,-,-
1152,359444728485801984,359448228078432256,@colebartl,2013-07-22 22:47:56
1153,338784263132549120,338784903200133120,-,-
1154,819428592778178560,819723885281091584,-,-
1155,826859491148787712,826988743118589952,@hellodennisa_,2017-02-01 18:27:19
1156,557611953603227648,557612667721244672,-,-
1157,557611953603227648,557613137990799360,-,-
1158,362789105874124800,362789424523780096,-,-
1159,562249668944351232,562274128234053632,@Alan_Lehane,2015-02-02 14:02:21
1160,925770486935642112,925797281986744320,-,-
1161,819338539104108544,819343808185806848,-,-
1162,814349698077179904,814361674887012352,-,-
1163,796186960872308736,796205126008508416,-,-
1164,897307224351092736,897310998146699264,-,-
1165,605963552151740416,605964188956151808,@Mocnzy,2015-06-03 05:05:43
1166,959685036311064576,960057038255538176,@gregorysaIcido,2018-02-03 07:08:37
1167,618650703687389184,618670500940660736,-,-
1168,678729928964218880,678784653134835712,-,-
1169,618650703687389184,618651381759545344,-,-
1170,866850289894248448,867162403422609408,-,-
1171,471017086337044480,471022171939028992,@ShailenyWoodley,2014-05-26 19:56:39
1172,501822325621538816,501823043019481088,-,-
1173,518392937517174784,518393245400051712,@Ch1buzo,2014-10-04 13:31:22
1174,513473233287655424,513473444907073536,-,-
1175,443161668206731264,443162814661009408,@fuckdaworld_k,2014-03-10 23:09:09
1176,480036445391159296,480036829639761920,-,-
1177,738983185413853184,739150779605385216,@Thunderwood85,2016-06-04 06:38:15
1178,487091276819759104,487096260856270848,@Young_Moe93,2014-07-10 04:29:44
1179,892957502802993152,892957837764292608,@killyourselfkay,2017-08-03 03:57:13
1180,745844178383405056,745970842476118016,@jake_gerrard,2016-06-23 05:01:23
1181,634468455719153664,634468852668100608,-,-
1182,771149596903047168,771150554013761536,-,-
1183,350508477514387456,350508925109538816,@Vimalexander,2013-06-28 06:58:27
1184,976274221818109952,979373639308120064,-,-
1185,725512050311471104,725512618463502336,-,-
1186,659364770387206144,659365114215137280,@ahnaokarla,2015-10-28 13:43:06
1187,570454057023721472,570460376044871680,-,-
1188,662070972447633408,662071055943643136,-,-
1189,892420261689032704,892420529503821824,-,-
1190,634250198676566016,634284969431400448,-,-
1191,866850289894248448,867105814040936448,-,-
1192,573156618294063104,573156781402288128,-,-
1193,571867413639258112,571875708617822208,-,-
1194,911114974210269184,911115077042016256,@SoFuckingKewl,2017-09-22 06:28:32
1195,566677934765645824,646066318303723520,@r9k_txt,2015-02-14 19:18:42
1196,866850289894248448,867203476673011712,-,-
1197,954856836406173696,954871140538699776,-,-
1198,615258527603494912,615258622856032256,@mistachrish,2015-06-28 20:40:38
1199,396441698424745984,396448995863953408,-,-
1200,396441698424745984,396446469433344000,-,-
1201,979017665925779456,979020451853762560,-,-
1202,396441698424745984,396451314961756160,-,-
1203,976274221818109952,979014043942998016,-,-
1204,539659611197173760,539667609600663552,@wyclero,2014-12-02 05:57:32
1205,812156912015986688,812158431650050048,-,-
1206,522426597828493312,522426685351002112,-,-
1207,488027653367029760,488033278948282368,@A_h_s_a_n00,2014-07-12 18:30:34
1208,553773863608143872,553820926572494848,-,-
1209,984434320596226048,984493949996978176,-,-
1210,463298429813538816,463299814893965312,@YesYoureRacist,2014-05-05 12:45:27
1211,976274221818109952,978856234051829760,-,-
1212,948508171886149632,948514962028285952,@ijahangirimam,2018-01-03 10:55:45
1213,866850289894248448,867526908736667648,-,-
1214,979017665925779456,979216544587755520,-,-
1215,589188879866986496,589189079683698688,-,-
1216,572730149281636352,572730301371187200,@scigpade80,2015-03-03 12:08:03
1217,629514419060482048,629517199905030144,@Starboy614,2015-08-07 04:48:27
1218,552552627419226112,637158623588782080,@5SOS_UPDATES_NL,2015-01-06 19:49:46
1219,637782027559927808,637783046574485504,@prncelli,2015-08-30 00:20:59
1220,614540329165955072,614899422821007360,@DougyCline,2015-06-26 21:06:46
1221,748098301640216576,748165664569864192,@Varalsizh,2016-06-29 10:18:28
1222,614540329165955072,614556869433102336,@DougyCline,2015-06-26 21:06:46
1223,663421171594055680,663424763252092928,-,-
1224,629514419060482048,629639961743114240,@Starboy614,2015-08-07 04:48:27
1225,687088899043147776,687090332052275200,-,-
1226,874856854953893888,874857913688436736,-,-
1227,420260208842375168,420668831770873856,@_Jayahh,2014-01-06 18:26:56
1228,718508514826711040,718509299354439680,-,-
1229,961538717910478848,961827739144568832,-,-
1230,561294493669142528,561296253150310400,-,-
1231,934300437834018816,935394253970268160,@callmebex__,2017-11-25 05:59:17
1232,1013414171684364288,1013677278415507456,-,-
1233,1026429390933184512,1026436737655037952,@demisuzerain,2018-08-06 11:26:51
1234,1029214827523100672,1029233297644290048,-,-
1235,1029214827523100672,1029249878982123520,-,-
1236,1028483726932500480,1028484650816204800,-,-
1237,1008924889078591488,1008946255886626816,-,-
1238,1008924889078591488,1008925054846095360,-,-
1239,1021064735242870784,1021160268766859264,@war_echo,2018-07-22 16:09:38
1240,1005875903673655296,1005950810092519424,@dasexpress,2018-06-10 18:14:38
1241,1024665707047342080,1024675500428615680,@joseph7pham,2018-08-01 14:38:36
1242,1024665707047342080,1024678512094048256,@joseph7pham,2018-08-01 14:38:36
1243,1026476946081964032,1026729893122465792,-,-
1244,1026476946081964032,1026948539639902208,-,-
1245,1007137100834074624,1009992011737391104,@AVISHEKBASU3,2018-06-14 05:46:11
1246,1007137100834074624,1007137724153786368,@AVISHEKBASU3,2018-06-14 05:46:11
1247,1030473649097199616,1030476379652018176,-,-
1248,1030473649097199616,1030475476639395840,-,-
1249,1006637786924048384,1006638194039967744,@Jasminelennard,2018-06-12 20:42:05
1250,1012313867265945600,1012314688707813376,@ChristianStudez,2018-06-28 12:36:48
1251,1021492054843645952,1021831744624967680,@wwjhandley,2018-07-23 20:27:38
1252,1021367165038055424,1021389385734946816,@jake_fursman,2018-07-23 12:11:22
1253,1025116964832722944,1025130562674155520,@amazingatheist,2018-08-02 20:31:44
1254,1025116964832722944,1025118589769207808,@amazingatheist,2018-08-02 20:31:44
1255,1019158960140668928,1020799676898074624,-,-
1256,1019158960140668928,1019516809463062528,-,-
1257,1019158960140668928,1019191746700480512,-,-
1258,1018924816093638656,1018925103990657024,-,-
1259,1008903687043993600,1008920299545419776,@VoreUndertale,2018-06-19 02:45:58
1260,1021563497233231872,1021564052441653248,@strwbrrysugar,2018-07-24 01:11:32
1261,1025347094532513792,1025348133734236160,@FAPGC_,2018-08-03 11:46:12
1262,1025347094532513792,1025347539787280384,@FAPGC_,2018-08-03 11:46:12
1263,1025347094532513792,1025347370047954944,@FAPGC_,2018-08-03 11:46:12
1264,1025347094532513792,1025348274834874368,@FAPGC_,2018-08-03 11:46:12
1265,1030370979363672064,1030372838539186176,-,-
1266,1030370979363672064,1030371112188878848,-,-
1267,1024320023291154432,1024322368418865152,@reallhartman,2018-07-31 15:44:59
1268,1022364939195953152,1022365347876229120,-,-
1269,1011173825940246528,1011188652175773696,-,-
1270,1011173825940246528,1011174816165003264,-,-
1271,1011173825940246528,1011371871818993664,-,-
1272,1011173825940246528,1011268085494398976,-,-
1273,1011173825940246528,1011197192118431744,-,-
1274,1011173825940246528,1011428796493385728,-,-
1275,1002784176347570176,1002785047399690240,-,-
1276,1002784176347570176,1002784462944403456,-,-
1277,1002784176347570176,1002784399258079232,-,-
1278,1012499748404723712,1012501034055454720,@voidparadise,2018-06-29 00:55:26
1279,1012499748404723712,1012500154530877440,@voidparadise,2018-06-29 00:55:26
1280,1018590857975525376,1018590972748402688,-,-
1281,1018590575774269440,1018590778355077120,@abudalt1,2018-07-15 20:18:12
1282,1026463957211643904,1026464753118584832,@peachstarfruit,2018-08-06 13:44:12
1283,1007856104552853504,1007856812102598656,-,-
1284,1024843983522955264,1029760425586503680,@LouisXVIIIIIII,2018-08-02 02:27:01
1285,1009075395625439232,1011251987340505088,@David28Tea,2018-06-19 14:08:16
1286,1018538343863373824,1018538526399500288,-,-
1287,1018530095907115008,1018761460342841344,-,-
1288,1027943337016414208,1027945462760914944,-,-
1289,1027943337016414208,1027944742615691264,-,-
